사업완료년도,관리번호,시행상위기관명,시행하위기관명,시공소재지시도명,시공소재지시군구명,시공소재지읍면동명,시공소재지리명,국비(백만원),지방비(백만원),합계사업비(백만원)
2018,경기-00838,경기도,산림환경연구소,경기도,김포,통진,서암,50,22,72
2018,경기-00839,경기도,산림환경연구소,경기도,남양주,수동,수산,55,24,79
2018,경기-00836,경기도,산림환경연구소,경기도,김포,월곶,군하,94,40,134
2018,경기-00835,경기도,산림환경연구소,경기도,군포,,속달,257,110,367
2018,경기-00834,경기도,산림환경연구소,경기도,광주,초월,신월,161,69,230
2018,경기-00833,경기도,산림환경연구소,경기도,광주,도척,도웅,35,15,50
2018,경기-00832,경기도,산림환경연구소,경기도,광주,도척,도웅,93,40,133
2018,경기-00831,경기도,산림환경연구소,경기도,광주,곤지암,유사,279,119,398
2018,경기-00830,경기도,산림환경연구소,경기도,광명,,소하,196,84,280
2018,경기-00829,경기도,산림환경연구소,경기도,과천,,문원,134,58,192
2018,경기-00828,경기도,산림환경연구소,경기도,과천,,갈현,79,34,113
2018,경기-00827,경기도,산림환경연구소,경기도,고양,덕양,벽제,49,21,70
2018,경기-00826,경기도,산림환경연구소,경기도,고양,덕양,고양,136,58,194
2018,경기-00825,경기도,산림환경연구소,경기도,가평,상,행현,88,38,125
2018,경기-00824,경기도,산림환경연구소,경기도,가평,상,행현,118,51,169
2018,경기-00823,경기도,산림환경연구소,경기도,가평,북,백둔,34,15,49
2018,경기-00883,경기도,산림환경연구소,경기도,포천,화현,화현,120,51,171
2018,경기-00882,경기도,산림환경연구소,경기도,포천,화현,화현,251,108,359
2018,경기-00881,경기도,산림환경연구소,경기도,포천,화현,지현,94,40,134
2018,경기-00880,경기도,산림환경연구소,경기도,포천,화현,명덕,148,63,211
2018,경기-00879,경기도,산림환경연구소,경기도,포천,영북,소회산,62,26,88
2018,경기-00878,경기도,산림환경연구소,경기도,포천,영북,대회산,284,122,405
2018,경기-00877,경기도,산림환경연구소,경기도,포천,내촌,소학,118,50,168
2018,경기-00876,경기도,산림환경연구소,경기도,파주,파평,설마,69,30,99
2018,경기-00875,경기도,산림환경연구소,경기도,파주,적성,장현,133,57,190
2018,경기-00874,경기도,산림환경연구소,경기도,파주,법원,웅담,109,47,155
2018,경기-00873,경기도,산림환경연구소,경기도,파주,법원,갈곡,81,35,115
2018,경기-00872,경기도,산림환경연구소,경기도,파주,군내,방목,103,44,147
2018,경기-00871,경기도,산림환경연구소,경기도,이천,마장,목,71,31,102
2018,경기-00870,경기도,산림환경연구소,경기도,의정부,,자일,220,94,314
2018,경기-00869,경기도,산림환경연구소,경기도,의정부,,금오,175,75,250
2018,경기-00868,경기도,산림환경연구소,경기도,용인,이동,목,57,24,81
2018,경기-00867,경기도,산림환경연구소,경기도,연천,청산,대전,88,38,125
2018,경기-00866,경기도,산림환경연구소,경기도,연천,전곡,늘복,186,80,265
2018,경기-00865,경기도,산림환경연구소,경기도,연천,신서,대광,92,39,131
2018,경기-00864,경기도,산림환경연구소,경기도,연천,신서,대광,214,92,306
2018,경기-00863,경기도,산림환경연구소,경기도,여주,북내,상교,125,53,178
2018,경기-00862,경기도,산림환경연구소,경기도,여주,금사,하호,195,84,279
2018,경기-00861,경기도,산림환경연구소,경기도,여주,금사,하호,182,78,260
2018,경기-00860,경기도,산림환경연구소,경기도,여주,금사,하호,177,76,253
2018,경기-00859,경기도,산림환경연구소,경기도,여주,금사,상호,95,41,136
2018,경기-00858,경기도,산림환경연구소,경기도,여주,강천,도전,151,65,215
2018,경기-00857,경기도,산림환경연구소,경기도,여주,강천,강천,128,55,183
2018,경기-00856,경기도,산림환경연구소,경기도,양평,옥천,용천,158,68,225
2018,경기-00855,경기도,산림환경연구소,경기도,양평,개군,구미,83,35,118
2018,경기-00854,경기도,산림환경연구소,경기도,양평,개군,구미,172,74,246
2018,경기-00853,경기도,산림환경연구소,경기도,양주,은현,하패,74,32,105
2018,경기-00852,경기도,산림환경연구소,경기도,안양,,석수,105,45,150
2018,경기-00851,경기도,산림환경연구소,경기도,안성,일죽,신흥,106,46,152
2018,경기-00850,경기도,산림환경연구소,경기도,안성,일죽,고은,37,16,53
2018,경기-00849,경기도,산림환경연구소,경기도,안성,서운,인,92,40,132
2018,경기-00848,경기도,산림환경연구소,경기도,안성,고삼,쌍지,84,36,120
2018,경기-00847,경기도,산림환경연구소,경기도,안산,상록,부곡,172,74,246
2018,경기-00846,경기도,산림환경연구소,경기도,안산,단원,선감,105,45,150
2018,경기-00845,경기도,산림환경연구소,경기도,동두천,,하봉임,146,62,208
2018,경기-00844,경기도,산림환경연구소,경기도,동두천,,탑,298,128,425
2018,경기-00843,경기도,산림환경연구소,경기도,동두천,,광암,141,60,201
2018,경기-00842,경기도,산림환경연구소,경기도,남양주,화도,가곡,13,6,19
2018,경기-00841,경기도,산림환경연구소,경기도,남양주,오남,팔현,114,49,163
2018,경기-00840,경기도,산림환경연구소,경기도,남양주,수동,수산,35,15,50
2018,경기-00837,경기도,산림환경연구소,경기도,김포,월곶,군하,95,41,135
2017,경기-00758,경기도,산림환경연구소,경기도,가평,북,목동,196,84,280
2017,경기-00757,경기도,산림환경연구소,경기도,가평,북,도대,10,4,14
2017,경기-00822,경기도,산림환경연구소,경기도,화성,,신,120,52,172
2017,경기-00821,경기도,산림환경연구소,경기도,포천,화현,명덕,120,51,171
2017,경기-00820,경기도,산림환경연구소,경기도,포천,이동,노곡,13,6,19
2017,경기-00819,경기도,산림환경연구소,경기도,포천,영북,산정,97,42,139
2017,경기-00818,경기도,산림환경연구소,경기도,포천,신북,기지,63,27,90
2017,경기-00817,경기도,산림환경연구소,경기도,포천,신북,기지,114,49,163
2017,경기-00816,경기도,산림환경연구소,경기도,포천,신북,금동,73,31,104
2017,경기-00815,경기도,산림환경연구소,경기도,포천,소흘,이동교,131,56,187
2017,경기-00814,경기도,산림환경연구소,경기도,포천,소홀,이곡,22,10,32
2017,경기-00813,경기도,산림환경연구소,경기도,포천,내촌,마명,197,84,281
2017,경기-00812,경기도,산림환경연구소,경기도,파주,적성,설마,94,40,134
2017,경기-00811,경기도,산림환경연구소,경기도,파주,적성,설마,95,41,135
2017,경기-00810,경기도,산림환경연구소,경기도,파주,광탄,방축,33,14,47
2017,경기-00809,경기도,산림환경연구소,경기도,이천,호법,매곡,268,115,383
2017,경기-00808,경기도,산림환경연구소,경기도,이천,신둔,표고,100,43,143
2017,경기-00807,경기도,산림환경연구소,경기도,이천,마장,이평,33,14,47
2017,경기-00806,경기도,산림환경연구소,경기도,용인,이동,묵리,134,57,191
2017,경기-00805,경기도,산림환경연구소,경기도,용인,백암,박곡,71,31,102
2017,경기-00804,경기도,산림환경연구소,경기도,용인,남사,봉명,44,19,63
2017,경기-00803,경기도,산림환경연구소,경기도,연천,전곡,양원,84,36,120
2017,경기-00802,경기도,산림환경연구소,경기도,연천,전곡,늘목,222,95,317
2017,경기-00801,경기도,산림환경연구소,경기도,연천,전곡,고능,83,35,118
2017,경기-00800,경기도,산림환경연구소,경기도,연천,연천,동막,304,130,434
2017,경기-00799,경기도,산림환경연구소,경기도,연천,신서,대광,277,119,395
2017,경기-00798,경기도,산림환경연구소,경기도,연천,민통선,,166,71,237
2017,경기-00797,경기도,산림환경연구소,경기도,여주,점동,현수,12,5,17
2017,경기-00796,경기도,산림환경연구소,경기도,여주,산북,상품,281,120,401
2017,경기-00795,경기도,산림환경연구소,경기도,여주,북내,석우,120,52,172
2017,경기-00794,경기도,산림환경연구소,경기도,양평,지평,수곡,141,61,202
2017,경기-00793,경기도,산림환경연구소,경기도,양평,강상,항금,33,14,47
2017,경기-00792,경기도,산림환경연구소,경기도,양주,,어둔,230,98,328
2017,경기-00791,경기도,산림환경연구소,경기도,양주,은현,도하,211,90,301
2017,경기-00790,경기도,산림환경연구소,경기도,양주,남면,황방,293,125,418
2017,경기-00789,경기도,산림환경연구소,경기도,안양,만안,석수,59,25,84
2017,경기-00788,경기도,산림환경연구소,경기도,안양,만안,석수,182,78,260
2017,경기-00787,경기도,산림환경연구소,경기도,안성,,중리,83,35,118
2017,경기-00786,경기도,산림환경연구소,경기도,안성,일죽,화봉,88,38,125
2017,경기-00785,경기도,산림환경연구소,경기도,안성,원곡,성주,158,68,225
2017,경기-00784,경기도,산림환경연구소,경기도,안성,양성,미산,158,68,226
2017,경기-00783,경기도,산림환경연구소,경기도,안성,서운,청룡,112,48,160
2017,경기-00782,경기도,산림환경연구소,경기도,안성,금광,상중,47,20,67
2017,경기-00781,경기도,산림환경연구소,경기도,남양주,화도,가곡,13,6,19
2017,경기-00780,경기도,산림환경연구소,경기도,남양주,진건,송능,221,95,315
2017,경기-00779,경기도,산림환경연구소,경기도,남양주,와부읍,도곡리,25,11,35
2017,경기-00778,경기도,산림환경연구소,경기도,남양주,와부,도곡,86,37,123
2017,경기-00777,경기도,산림환경연구소,경기도,남양주,수동면,외방리,675,289,964
2017,경기-00776,경기도,산림환경연구소,경기도,남양주,수동,수산,209,90,299
2017,경기-00775,경기도,산림환경연구소,경기도,김포,월곶,용강,190,81,271
2017,경기-00774,경기도,산림환경연구소,경기도,군포,,속달,53,23,75
2017,경기-00773,경기도,산림환경연구소,경기도,군포,,속달,60,26,85
2017,경기-00772,경기도,산림환경연구소,경기도,군포,,속달,256,110,365
2017,경기-00771,경기도,산림환경연구소,경기도,광주,초월,신월,88,38,126
2017,경기-00770,경기도,산림환경연구소,경기도,광주,초월,무갑,160,69,229
2017,경기-00769,경기도,산림환경연구소,경기도,광주,도척,유정,113,49,162
2017,경기-00768,경기도,산림환경연구소,경기도,광주,남한산성,광지원,209,90,299
2017,경기-00767,경기도,산림환경연구소,경기도,광주,곤지암,열미,67,29,95
2017,경기-00766,경기도,산림환경연구소,경기도,광명,,하안,67,29,96
2017,경기-00765,경기도,산림환경연구소,경기도,과천,,중앙,138,59,197
2017,경기-00764,경기도,산림환경연구소,경기도,과천,,관문,28,12,40
2017,경기-00763,경기도,산림환경연구소,경기도,고양,,벽제,63,27,90
2017,경기-00762,경기도,산림환경연구소,경기도,가평,청평,상천,109,47,155
2017,경기-00761,경기도,산림환경연구소,경기도,가평,청평,삼회,200,86,285
2017,경기-00760,경기도,산림환경연구소,경기도,가평,상,상동,35,15,50
2017,경기-00759,경기도,산림환경연구소,경기도,가평,북,화악,126,54,180
2016,경기-00751,경기도,산림환경연구소,경기도,포천,신북,금동,233,100,333
2016,경기-00750,경기도,산림환경연구소,경기도,포천,군내,구읍,169,72,241
2016,경기-00749,경기도,산림환경연구소,경기도,포천,가산,우금,75,32,107
2016,경기-00748,경기도,산림환경연구소,경기도,파주,파평,늘로,239,102,341
2016,경기-00747,경기도,산림환경연구소,경기도,파주,적성,설마,126,54,180
2016,경기-00746,경기도,산림환경연구소,경기도,파주,적성,마지,23,10,33
2016,경기-00745,경기도,산림환경연구소,경기도,파주,적성,객현,141,60,201
2016,경기-00744,경기도,산림환경연구소,경기도,파주,월롱,능산,184,79,263
2016,경기-00743,경기도,산림환경연구소,경기도,파주,법원,웅담,120,52,172
2016,경기-00742,경기도,산림환경연구소,경기도,파주,법원,금곡,117,50,167
2016,경기-00741,경기도,산림환경연구소,경기도,이천,장호원,이황,198,85,283
2016,경기-00740,경기도,산림환경연구소,경기도,이천,신둔,지석,232,99,331
2016,경기-00739,경기도,산림환경연구소,경기도,이천,백사,도립,185,79,264
2016,경기-00738,경기도,산림환경연구소,경기도,의정부,,장암동,214,92,306
2016,경기-00737,경기도,산림환경연구소,경기도,의정부,,용현동,15,7,22
2016,경기-00736,경기도,산림환경연구소,경기도,용인,이동,시미,113,48,161
2016,경기-00735,경기도,산림환경연구소,경기도,용인,모현,오산,173,74,247
2016,경기-00734,경기도,산림환경연구소,경기도,연천,연천,고문,176,75,251
2016,경기-00733,경기도,산림환경연구소,경기도,연천,청산,초성,263,113,375
2016,경기-00732,경기도,산림환경연구소,경기도,연천,청산,초성,247,106,353
2016,경기-00731,경기도,산림환경연구소,경기도,연천,장남,자작,22,10,32
2016,경기-00730,경기도,산림환경연구소,경기도,연천,연천,부곡,278,119,397
2016,경기-00729,경기도,산림환경연구소,경기도,연천,연천,부곡,150,64,214
2016,경기-00728,경기도,산림환경연구소,경기도,연천,신서,내산,237,101,338
2016,경기-00727,경기도,산림환경연구소,경기도,여주,흥천,상백,258,111,369
2016,경기-00726,경기도,산림환경연구소,경기도,여주,흥천,내사,240,103,343
2016,경기-00725,경기도,산림환경연구소,경기도,여주,산북,주어,209,90,299
2016,경기-00724,경기도,산림환경연구소,경기도,양평,청운,다대,133,57,190
2016,경기-00723,경기도,산림환경연구소,경기도,양평,지평,수곡,69,29,98
2016,경기-00722,경기도,산림환경연구소,경기도,양평,양동,단석,279,119,398
2016,경기-00721,경기도,산림환경연구소,경기도,안성,일죽,고은,226,97,323
2016,경기-00720,경기도,산림환경연구소,경기도,안성,원곡,반제,124,53,177
2016,경기-00719,경기도,산림환경연구소,경기도,안성,양성,방축,57,24,81
2016,경기-00718,경기도,산림환경연구소,경기도,안성,양성,미산,149,64,213
2016,경기-00717,경기도,산림환경연구소,경기도,안성,양성,덕봉,214,92,306
2016,경기-00716,경기도,산림환경연구소,경기도,안성,보개,신장,207,89,295
2016,경기-00715,경기도,산림환경연구소,경기도,안성,보개,복가현,200,86,286
2016,경기-00714,경기도,산림환경연구소,경기도,성남,,운중,88,38,126
2016,경기-00713,경기도,산림환경연구소,경기도,동두천,,광암동,113,48,161
2016,경기-00712,경기도,산림환경연구소,경기도,남양주,화도,차산,163,70,233
2016,경기-00711,경기도,산림환경연구소,경기도,남양주,진건,송능,42,18,60
2016,경기-00710,경기도,산림환경연구소,경기도,남양주,수동,지둔,183,79,262
2016,경기-00709,경기도,산림환경연구소,경기도,남양주,수동,지둔,54,23,77
2016,경기-00708,경기도,산림환경연구소,경기도,광주,초월,학동,297,127,424
2016,경기-00707,경기도,산림환경연구소,경기도,광주,초월,지월,104,44,148
2016,경기-00706,경기도,산림환경연구소,경기도,광주,초월,신월,290,124,414
2016,경기-00705,경기도,산림환경연구소,경기도,광주,초월,무갑,235,101,335
2016,경기-00704,경기도,산림환경연구소,경기도,광주,초월,무갑,218,94,312
2016,경기-00703,경기도,산림환경연구소,경기도,광주,도척,상림,268,115,383
2016,경기-00702,경기도,산림환경연구소,경기도,광주,곤지암읍,열미리,257,110,367
2016,경기-00701,경기도,산림환경연구소,경기도,고양,덕양구,선유동,62,26,88
2016,경기-00700,경기도,산림환경연구소,경기도,가평,청평,상천,147,63,210
2016,경기-00699,경기도,산림환경연구소,경기도,가평,청평,상천,272,116,388
2016,경기-00698,경기도,산림환경연구소,경기도,가평,청평,상천,231,99,330
2016,경기-00697,경기도,산림환경연구소,경기도,가평,설악,가일,80,34,114
2016,경기-00696,경기도,산림환경연구소,경기도,가평,설악,가일,293,126,419
2016,경기-00695,경기도,산림환경연구소,경기도,가평,상,행현,26,11,37
2016,경기-00694,경기도,산림환경연구소,경기도,가평,상,행현,274,117,391
2016,경기-00693,경기도,산림환경연구소,경기도,가평,북,화악,174,75,249
2016,경기-00692,경기도,산림환경연구소,경기도,가평,북,적목,62,27,89
2016,경기-00691,경기도,산림환경연구소,경기도,가평,북,상동,235,101,335
2016,경기-00756,경기도,산림환경연구소,경기도,하남,,하산곡,99,43,142
2016,경기-00755,경기도,산림환경연구소,경기도,포천,,자작,75,32,107
2016,경기-00754,경기도,산림환경연구소,경기도,포천,,신읍동,176,76,252
2016,경기-00753,경기도,산림환경연구소,경기도,포천,화현,화현,221,95,315
2016,경기-00752,경기도,산림환경연구소,경기도,포천,영북,문암,267,115,382
2015,경기-00687,경기도,산림환경연구소,경기도,여주,강천,강천,158,68,226
2015,경기-00635,경기도,산림환경연구소,경기도,이천,,사음,150,65,215
2015,경기-00630,경기도,산림환경연구소,경기도,화성,팔탄,기천,93,40,133
2015,경기-00631,경기도,산림환경연구소,경기도,이천,신둔,인후,174,75,249
2015,경기-00632,경기도,산림환경연구소,경기도,이천,백사,도립,132,57,189
2015,경기-00633,경기도,산림환경연구소,경기도,이천,율,산성,264,113,377
2015,경기-00634,경기도,산림환경연구소,경기도,이천,,사음,150,64,214
2015,경기-00660,경기도,산림환경연구소,경기도,남양주,조안면,진중,116,50,166
2015,경기-00659,경기도,산림환경연구소,경기도,남양주,조안면,진중,115,50,165
2015,경기-00658,경기도,산림환경연구소,경기도,남양주,수동면,수산,96,41,137
2015,경기-00657,경기도,산림환경연구소,경기도,남양주,수동면,수산,95,41,136
2015,경기-00656,경기도,산림환경연구소,경기도,남양주,진접,금곡,72,30,102
2015,경기-00655,경기도,산림환경연구소,경기도,남양주,진접,금곡,72,31,103
2015,경기-00654,경기도,산림환경연구소,경기도,양주,은현,봉암,76,33,109
2015,경기-00653,경기도,산림환경연구소,경기도,양평,서종,서후,138,60,198
2015,경기-00652,경기도,산림환경연구소,경기도,양평,서종,서후,138,59,197
2015,경기-00651,경기도,산림환경연구소,경기도,양평,서종,정배,130,56,186
2015,경기-00650,경기도,산림환경연구소,경기도,양평,서종,정배,130,55,185
2015,경기-00649,경기도,산림환경연구소,경기도,파주,광탄,마장,104,45,149
2015,경기-00648,경기도,산림환경연구소,경기도,파주,법원,직천,122,53,175
2015,경기-00647,경기도,산림환경연구소,경기도,여주,가남,안금,28,11,39
2015,경기-00646,경기도,산림환경연구소,경기도,여주,가남,안금,28,12,40
2015,경기-00645,경기도,산림환경연구소,경기도,여주,가남,안금,28,12,40
2015,경기-00644,경기도,산림환경연구소,경기도,여주,산복,송현,88,38,126
2015,경기-00643,경기도,산림환경연구소,경기도,여주,강천,도전,147,63,210
2015,경기-00642,경기도,산림환경연구소,경기도,여주,능서,신지,113,49,162
2015,경기-00641,경기도,산림환경연구소,경기도,여주,능서,신지,114,49,163
2015,경기-00640,경기도,산림환경연구소,경기도,안성,삼죽,배태,118,50,168
2015,경기-00639,경기도,산림환경연구소,경기도,안성,죽산,매산,73,31,104
2015,경기-00638,경기도,산림환경연구소,경기도,안성,죽산,매산,73,31,104
2015,경기-00637,경기도,산림환경연구소,경기도,안성,죽산,매산,73,32,105
2015,경기-00636,경기도,산림환경연구소,경기도,이천,,중일,140,60,200
2015,경기-00689,경기도,산림환경연구소,경기도,동두천,,상패,79,34,113
2015,경기-00663,경기도,산림환경연구소,경기도,포천,신북,삼정리,111,48,159
2015,경기-00661,경기도,산림환경연구소,경기도,포천,신북,덕둔,90,39,129
2015,경기-00662,경기도,산림환경연구소,경기도,포천,신북,삼정리,111,47,158
2015,경기-00664,경기도,산림환경연구소,경기도,포천,이동,연곡,188,80,268
2015,경기-00665,경기도,산림환경연구소,경기도,포천,화현,지현,179,76,255
2015,경기-00666,경기도,산림환경연구소,경기도,포천,가산,우금,117,50,167
2015,경기-00667,경기도,산림환경연구소,경기도,포천,창수,오가리,90,39,129
2015,경기-00668,경기도,산림환경연구소,경기도,가평,북,화악,90,38,128
2015,경기-00669,경기도,산림환경연구소,경기도,가평,북,화악,90,39,129
2015,경기-00670,경기도,산림환경연구소,경기도,가평,북,적목,129,55,184
2015,경기-00671,경기도,산림환경연구소,경기도,가평,북,적목,128,55,183
2015,경기-00672,경기도,산림환경연구소,경기도,가평,북,제령,91,39,130
2015,경기-00673,경기도,산림환경연구소,경기도,가평,북,제령,91,39,130
2015,경기-00674,경기도,산림환경연구소,경기도,가평,상,행현리,165,70,235
2015,경기-00675,경기도,산림환경연구소,경기도,연천,신서,대광,191,82,273
2015,경기-00690,경기도,산림환경연구소,경기도,동두천,,상패,79,33,112
2015,경기-00686,경기도,산림환경연구소,경기도,여주,강천,강천,158,67,225
2015,경기-00685,경기도,산림환경연구소,경기도,여주,강천,도전,183,79,262
2015,경기-00684,경기도,산림환경연구소,경기도,광주,초월,신월,91,39,130
2015,경기-00683,경기도,산림환경연구소,경기도,광주,초월,신월,90,39,129
2015,경기-00682,경기도,산림환경연구소,경기도,광주,초월,신월,90,39,129
2015,경기-00681,경기도,산림환경연구소,경기도,양평,강하,항금,118,51,169
2015,경기-00688,경기도,산림환경연구소,경기도,동두천,,상패,79,34,113
2015,경기-00679,경기도,산림환경연구소,경기도,광주,곤지암,신대,39,17,56
2015,경기-00678,경기도,산림환경연구소,경기도,연천,전곡,늘목,123,52,175
2015,경기-00677,경기도,산림환경연구소,경기도,연천,신서,대광,234,101,335
2015,경기-00676,경기도,산림환경연구소,경기도,연천,신서,마전,112,48,160
2015,경기-00680,경기도,산림환경연구소,경기도,광주,곤지암,신대,39,17,56
2014,경기-00622,경기도,산림환경연구소,경기도,이천,신둔,도암,111,48,159
2014,경기-00526,경기도,산림환경연구소,경기도,양평,개군,공세,37,16,53
2014,경기-00525,경기도,산림환경연구소,경기도,양평,개군,공세,37,16,53
2014,경기-00524,경기도,산림환경연구소,경기도,광주,퇴촌,우산,144,62,206
2014,경기-00523,경기도,산림환경연구소,경기도,광주,곤지암,봉현,123,52,175
2014,경기-00522,경기도,산림환경연구소,경기도,광주,도적,상림,123,52,175
2014,경기-00521,경기도,산림환경연구소,경기도,광주,초월,무갑,143,62,205
2014,경기-00520,경기도,산림환경연구소,경기도,광주,초월,무갑,143,62,205
2014,경기-00533,경기도,산림환경연구소,경기도,남양주,화도,창현,78,34,112
2014,경기-00534,경기도,산림환경연구소,경기도,남양주,화도,차산,177,76,253
2014,경기-00545,경기도,산림환경연구소,경기도,포천,이동,연곡,174,74,248
2014,경기-00546,경기도,산림환경연구소,경기도,포천,이동,장암,147,63,210
2014,경기-00568,경기도,산림환경연구소,경기도,연천,신서,내산,92,40,132
2014,경기-00562,경기도,산림환경연구소,경기도,연천,전곡,늘목,62,27,89
2014,경기-00616,경기도,산림환경연구소,경기도,이천,신둔,남정,82,35,117
2014,경기-00620,경기도,산림환경연구소,경기도,이천,,사음,139,59,198
2014,경기-00619,경기도,산림환경연구소,경기도,이천,신둔,용면,166,71,237
2014,경기-00618,경기도,산림환경연구소,경기도,이천,신둔,용면,155,67,222
2014,경기-00617,경기도,산림환경연구소,경기도,이천,신둔,용면,155,67,222
2014,경기-00615,경기도,산림환경연구소,경기도,이천,신둔,인후,136,59,195
2014,경기-00614,경기도,산림환경연구소,경기도,이천,신둔,인후,136,59,195
2014,경기-00613,경기도,산림환경연구소,경기도,이천,신둔,인후,202,86,288
2014,경기-00612,경기도,산림환경연구소,경기도,이천,백사,송말,242,103,345
2014,경기-00611,경기도,산림환경연구소,경기도,이천,백사,송말,224,96,320
2014,경기-00610,경기도,산림환경연구소,경기도,이천,백사,도립,224,160,384
2014,경기-00609,경기도,산림환경연구소,경기도,이천,백사,경사,273,117,390
2014,경기-00608,경기도,산림환경연구소,경기도,이천,백사,경사,95,41,136
2014,경기-00582,경기도,산림환경연구소,경기도,포천,신북,덕둔,153,65,218
2014,경기-00581,경기도,산림환경연구소,경기도,포천,신북,덕둔,153,65,218
2014,경기-00580,경기도,산림환경연구소,경기도,포천,이동,노곡리,300,129,429
2014,경기-00538,경기도,산림환경연구소,경기도,동두천,,걸산,162,69,231
2014,경기-00539,경기도,산림환경연구소,경기도,동두천,,안흥,130,55,185
2014,경기-00540,경기도,산림환경연구소,경기도,동두천,,안흥,130,55,185
2014,경기-00541,경기도,산림환경연구소,경기도,파주,파평,덕천,103,44,147
2014,경기-00542,경기도,산림환경연구소,경기도,파주,파평,늘노,103,44,147
2014,경기-00543,경기도,산림환경연구소,경기도,파주,적성,설마,110,47,157
2014,경기-00519,경기도,산림환경연구소,경기도,김포,월곶,군하,190,81,271
2014,경기-00518,경기도,산림환경연구소,경기도,안성,금광,상중,246,105,351
2014,경기-00517,경기도,산림환경연구소,경기도,안성,서운,산평,115,49,164
2014,경기-00516,경기도,산림환경연구소,경기도,여주,점동,장안,44,18,62
2014,경기-00515,경기도,산림환경연구소,경기도,여주,산북,주어,210,90,300
2014,경기-00514,경기도,산림환경연구소,경기도,용인,백암,박곡,43,18,61
2014,경기-00513,경기도,산림환경연구소,경기도,용인,이동,시미,43,18,61
2014,경기-00512,경기도,산림환경연구소,경기도,용인,원삼,죽능,43,18,61
2014,경기-00544,경기도,산림환경연구소,경기도,파주,적성,설마,110,47,157
2014,경기-00537,경기도,산림환경연구소,경기도,양주,남,황방,185,79,264
2014,경기-00536,경기도,산림환경연구소,경기도,양주,남,황방,118,50,168
2014,경기-00535,경기도,산림환경연구소,경기도,남양주,와부,도곡,82,35,117
2014,경기-00531,경기도,산림환경연구소,경기도,양평,지평,수곡,228,97,325
2014,경기-00532,경기도,산림환경연구소,경기도,남양주,화도,창현,78,34,112
2014,경기-00530,경기도,산림환경연구소,경기도,양평,양동,단석,74,31,105
2014,경기-00529,경기도,산림환경연구소,경기도,양평,양동,단석,74,31,105
2014,경기-00528,경기도,산림환경연구소,경기도,양평,양동,단석,74,31,105
2014,경기-00527,경기도,산림환경연구소,경기도,양평,개군,공세,37,16,53
2014,경기-00563,경기도,산림환경연구소,경기도,연천,전곡,늘목,62,27,89
2014,경기-00564,경기도,산림환경연구소,경기도,연천,전곡,늘목,62,27,89
2014,경기-00565,경기도,산림환경연구소,경기도,연천,전곡,간파,60,26,86
2014,경기-00566,경기도,산림환경연구소,경기도,연천,신서,대광,158,67,225
2014,경기-00567,경기도,산림환경연구소,경기도,연천,신서,내산,92,40,132
2014,경기-00569,경기도,산림환경연구소,경기도,연천,신서,내산,92,40,132
2014,경기-00570,경기도,산림환경연구소,경기도,연천,연천,옥산,127,55,182
2014,경기-00571,경기도,산림환경연구소,경기도,연천,연천,옥산,127,55,182
2014,경기-00572,경기도,산림환경연구소,경기도,이천,신둔,용면,195,83,278
2014,경기-00573,경기도,산림환경연구소,경기도,안산,단원,선감,271,116,387
2014,경기-00574,경기도,산림환경연구소,경기도,안성,금광,상중,72,30,102
2014,경기-00576,경기도,산림환경연구소,경기도,양평,용문,연수,210,90,300
2014,경기-00577,경기도,산림환경연구소,경기도,남양주,화도,창현,95,41,136
2014,경기-00578,경기도,산림환경연구소,경기도,남양주,화도,차산,95,41,136
2014,경기-00579,경기도,산림환경연구소,경기도,동두천,,하봉암,68,29,97
2014,경기-00561,경기도,산림환경연구소,경기도,가평,북,적목,50,22,72
2014,경기-00560,경기도,산림환경연구소,경기도,가평,북,적목,50,22,72
2014,경기-00559,경기도,산림환경연구소,경기도,가평,북,화악,220,95,315
2014,경기-00547,경기도,산림환경연구소,경기도,포천,이동,장암,98,42,140
2014,경기-00548,경기도,산림환경연구소,경기도,포천,이동,노곡,183,78,261
2014,경기-00549,경기도,산림환경연구소,경기도,포천,이동,도평,78,34,112
2014,경기-00550,경기도,산림환경연구소,경기도,포천,영북,산정,166,71,237
2014,경기-00551,경기도,산림환경연구소,경기도,포천,내촌,진목,169,73,242
2014,경기-00552,경기도,산림환경연구소,경기도,포천,내촌,내리,76,32,108
2014,경기-00553,경기도,산림환경연구소,경기도,포천,신북,덕둔,157,67,224
2014,경기-00554,경기도,산림환경연구소,경기도,포천,소흘,이동교,85,36,121
2014,경기-00555,경기도,산림환경연구소,경기도,포천,가산,우금,159,68,227
2014,경기-00556,경기도,산림환경연구소,경기도,가평,상,대보,98,42,140
2014,경기-00557,경기도,산림환경연구소,경기도,가평,상,대보,98,42,140
2014,경기-00558,경기도,산림환경연구소,경기도,가평,북,소법,220,95,315
2014,경기-00595,경기도,산림환경연구소,경기도,이천,신둔,지석,130,55,185
2014,경기-00596,경기도,산림환경연구소,경기도,이천,신둔,지석,130,55,185
2014,경기-00597,경기도,산림환경연구소,경기도,이천,신둔,지석,153,65,218
2014,경기-00598,경기도,산림환경연구소,경기도,이천,신둔,지석,98,42,140
2014,경기-00599,경기도,산림환경연구소,경기도,이천,신둔,지석,98,42,140
2014,경기-00600,경기도,산림환경연구소,경기도,이천,신둔,지석,91,39,130
2014,경기-00601,경기도,산림환경연구소,경기도,이천,신둔,지석,91,39,130
2014,경기-00602,경기도,산림환경연구소,경기도,이천,신둔,지석,91,39,130
2014,경기-00603,경기도,산림환경연구소,경기도,이천,신둔,지석,235,93,328
2014,경기-00604,경기도,산림환경연구소,경기도,이천,신둔,지석,231,164,395
2014,경기-00594,경기도,산림환경연구소,경기도,여주,금사,주록,199,85,284
2014,경기-00593,경기도,산림환경연구소,경기도,여주,북내,상교,96,41,137
2014,경기-00592,경기도,산림환경연구소,경기도,여주,북내,신접,96,41,137
2014,경기-00591,경기도,산림환경연구소,경기도,여주,홍천,복대,116,49,165
2014,경기-00590,경기도,산림환경연구소,경기도,여주,홍천,복대,116,49,165
2014,경기-00589,경기도,산림환경연구소,경기도,가평,북,적목,98,42,140
2014,경기-00588,경기도,산림환경연구소,경기도,가평,북,적목,162,69,231
2014,경기-00587,경기도,산림환경연구소,경기도,광주,곤지암,건업,92,39,131
2014,경기-00586,경기도,산림환경연구소,경기도,연천,연천,옥산,160,69,229
2014,경기-00585,경기도,산림환경연구소,경기도,연천,연천,동막,118,51,169
2014,경기-00584,경기도,산림환경연구소,경기도,연천,연천,동막,181,78,259
2014,경기-00583,경기도,산림환경연구소,경기도,포천,내촌,내리,96,41,137
2014,경기-00621,경기도,산림환경연구소,경기도,이천,,사음,139,59,198
2014,경기-00605,경기도,산림환경연구소,경기도,이천,백사,경사,95,41,136
2014,경기-00606,경기도,산림환경연구소,경기도,이천,백사,경사,95,41,136
2014,경기-00607,경기도,산림환경연구소,경기도,이천,백사,경사,95,41,136
2014,경기-00629,경기도,산림환경연구소,경기도,광주,초월읍,학동리,67,41,108
2014,경기-00628,경기도,산림환경연구소,경기도,여주,강천,도전,66,28,94
2014,경기-00575,경기도,산림환경연구소,경기도,여주,흥천,복대,168,71,239
2014,경기-00627,경기도,산림환경연구소,경기도,여주,금사,주록,307,132,439
2014,경기-00626,경기도,산림환경연구소,경기도,이천,신둔,용면,132,56,188
2014,경기-00625,경기도,산림환경연구소,경기도,이천,백사,송말,78,34,112
2014,경기-00624,경기도,산림환경연구소,경기도,이천,백사,송말,78,34,112
2014,경기-00623,경기도,산림환경연구소,경기도,이천,신둔,장동,111,48,159
2013,경기-00415,경기도,산림환경연구소,경기도,여주,금사,주록,77,33,
2013,경기-00414,경기도,산림환경연구소,경기도,용인시 처인구,백암면,가창리,60,25,
2013,경기-00413,경기도,산림환경연구소,경기도,용인시 처인구,모현면,왕산리,70,29,
2013,경기-00412,경기도,산림환경연구소,경기도,용인시 처인구,모현면,왕산리,57,24,
2013,경기-00501,경기도,산림환경연구소,경기도,연천군,전곡읍,고능리,81,34,
2013,경기-00502,경기도,산림환경연구소,경기도,연천군,전곡읍,고능리,94,40,
2013,경기-00503,경기도,산림환경연구소,경기도,연천군,전곡읍,간파리,94,40,
2013,경기-00510,경기도,산림환경연구소,경기도,광주시,곤지암읍,삼리,60,25,
2013,경기-00433,경기도,산림환경연구소,경기도,하남시,하산곡동,,35,15,
2013,경기-00434,경기도,산림환경연구소,경기도,김포,월곶면,군하리,154,66,
2013,경기-00458,경기도,산림환경연구소,경기도,포천시,이동면,연곡리,143,61,
2013,경기-00457,경기도,산림환경연구소,경기도,포천시,일동면,수입리,102,44,
2013,경기-00456,경기도,산림환경연구소,경기도,포천시,일동면,수입리,86,36,
2013,경기-00455,경기도,산림환경연구소,경기도,포천시,창수면,오가리,120,52,
2013,경기-00454,경기도,산림환경연구소,경기도,포천시,내촌면,음현리,134,57,
2013,경기-00453,경기도,산림환경연구소,경기도,포천시,일동면,사직리,101,43,
2013,경기-00452,경기도,산림환경연구소,경기도,포천시,일동면,수입리,81,35,
2013,경기-00451,경기도,산림환경연구소,경기도,동두천시,하봉암동,,84,36,
2013,경기-00449,경기도,산림환경연구소,경기도,동두천시,하봉암동,,121,52,
2013,경기-00448,경기도,산림환경연구소,경기도,동두천시,안흥동,,139,59,
2013,경기-00447,경기도,산림환경연구소,경기도,동두천시,안흥동,,50,21,
2013,경기-00446,경기도,산림환경연구소,경기도,동두천시,안흥동,,50,21,
2013,경기-00500,경기도,산림환경연구소,경기도,연천군,청산면,대전리,54,23,
2013,경기-00445,경기도,산림환경연구소,경기도,동두천시,안흥동,,99,42,
2013,경기-00435,경기도,산림환경연구소,경기도,김포,월곶면,조강리,102,43,
2013,경기-00436,경기도,산림환경연구소,경기도,김포,월곶면,포내리,99,42,
2013,경기-00505,경기도,산림환경연구소,경기도,양주시,마전동,,108,47,
2013,경기-00437,경기도,산림환경연구소,경기도,파주시,적성면,장현리,40,17,
2013,경기-00438,경기도,산림환경연구소,경기도,파주시,적성면,장현리,36,16,
2013,경기-00439,경기도,산림환경연구소,경기도,파주시,법원읍,웅담리,34,14,
2013,경기-00450,경기도,산림환경연구소,경기도,동두천시,안흥동,,97,42,
2013,경기-00440,경기도,산림환경연구소,경기도,파주시,법원읍,웅담리,42,18,
2013,경기-00441,경기도,산림환경연구소,경기도,파주시,적성면,무건리,101,43,
2013,경기-00444,경기도,산림환경연구소,경기도,동두천시,상패동,,69,29,
2013,경기-00443,경기도,산림환경연구소,경기도,동두천시,송내동,,130,55,
2013,경기-00442,경기도,산림환경연구소,경기도,동두천시,송내동,,123,52,
2013,경기-00476,경기도,산림환경연구소,경기도,가평군,북면,적목리,128,55,
2013,경기-00477,경기도,산림환경연구소,경기도,가평군,북면,적목리,189,81,
2013,경기-00475,경기도,산림환경연구소,경기도,가평군,북면,적목리,94,40,
2013,경기-00478,경기도,산림환경연구소,경기도,가평군,북면,적목리,112,48,
2013,경기-00479,경기도,산림환경연구소,경기도,연천군,청산면,초성리,67,29,
2013,경기-00474,경기도,산림환경연구소,경기도,가평군,북면,도대리,100,42,
2013,경기-00473,경기도,산림환경연구소,경기도,가평군,북면,도대리,91,39,
2013,경기-00480,경기도,산림환경연구소,경기도,연천군,청산면,초성리,119,51,
2013,경기-00472,경기도,산림환경연구소,경기도,남양주,조안면,진중리,86,36,
2013,경기-00471,경기도,산림환경연구소,경기도,남양주,수동면,지둔리,86,36,
2013,경기-00470,경기도,산림환경연구소,경기도,남양주,평내동,,213,91,
2013,경기-00469,경기도,산림환경연구소,경기도,포천시,창수면,추동리,104,156,
2013,경기-00468,경기도,산림환경연구소,경기도,포천시,창수면,추동리,66,99,
2013,경기-00467,경기도,산림환경연구소,경기도,포천시,신북면,삼정리,84,126,
2013,경기-00466,경기도,산림환경연구소,경기도,포천시,신북면,삼정리,146,62,
2013,경기-00465,경기도,산림환경연구소,경기도,포천시,신북면,삼정리,91,39,
2013,경기-00507,경기도,산림환경연구소,경기도,파주시,파평면,덕천리,52,23,
2013,경기-00464,경기도,산림환경연구소,경기도,포천시,신북면,삼정리,100,43,
2013,경기-00463,경기도,산림환경연구소,경기도,포천시,창수면,추동리,103,44,
2013,경기-00462,경기도,산림환경연구소,경기도,포천시,영북면,산정리,213,91,
2013,경기-00461,경기도,산림환경연구소,경기도,포천시,이동면,도평리,121,52,
2013,경기-00481,경기도,산림환경연구소,경기도,연천군,전곡읍,고능리,81,34,
2013,경기-00482,경기도,산림환경연구소,경기도,연천군,전곡읍,늘목리,,,
2013,경기-00508,경기도,산림환경연구소,경기도,동두천시,걸산동,,181,77,
2013,경기-00509,경기도,산림환경연구소,경기도,양평,단월,산음,81,35,
2013,경기-00504,경기도,산림환경연구소,경기도,양주시,마전동,,78,33,
2013,경기-00511,경기도,산림환경연구소,경기도,이천,신둔면,지석,81,35,
2013,경기-00506,경기도,산림환경연구소,경기도,파주시,파평면,덕천리,55,24,
2013,경기-00499,경기도,산림환경연구소,경기도,연천군,청산면,백의리,118,51,
2013,경기-00498,경기도,산림환경연구소,경기도,연천군,신서면,옥산리,119,51,
2013,경기-00497,경기도,산림환경연구소,경기도,연천군,신서면,도신리,109,46,
2013,경기-00496,경기도,산림환경연구소,경기도,가평군,상면,행현리,131,56,
2013,경기-00495,경기도,산림환경연구소,경기도,광주시,퇴촌면,도수리,202,86,
2013,경기-00494,경기도,산림환경연구소,경기도,안성,일죽,방초,210,90,
2013,경기-00493,경기도,산림환경연구소,경기도,부천시 원미구,춘의동,,117,50,
2013,경기-00492,경기도,산림환경연구소,경기도,연천군,청산면,백의리,125,53,
2013,경기-00491,경기도,산림환경연구소,경기도,연천군,전곡읍,마포리,145,62,
2013,경기-00490,경기도,산림환경연구소,경기도,연천군,전곡읍,늘목리,117,50,
2013,경기-00489,경기도,산림환경연구소,경기도,연천군,전곡읍,간파리,80,34,
2013,경기-00488,경기도,산림환경연구소,경기도,연천군,청산면,초성리,99,42,
2013,경기-00487,경기도,산림환경연구소,경기도,연천군,전곡읍,늘목리,135,58,
2013,경기-00486,경기도,산림환경연구소,경기도,연천군,전곡읍,간파리,45,19,
2013,경기-00485,경기도,산림환경연구소,경기도,연천군,전곡읍,간파리,73,31,
2013,경기-00484,경기도,산림환경연구소,경기도,연천군,전곡읍,간파리,90,39,
2013,경기-00483,경기도,산림환경연구소,경기도,연천군,전곡읍,간파리,140,59,
2013,경기-00460,경기도,산림환경연구소,경기도,포천시,이동면,도평리,141,60,
2013,경기-00459,경기도,산림환경연구소,경기도,포천시,이동면,연곡리,143,61,
2013,경기-00432,경기도,산림환경연구소,경기도,하남시,하산곡동,,35,15,
2013,경기-00431,경기도,산림환경연구소,경기도,하남시,하산곡동,,127,54,
2013,경기-00430,경기도,산림환경연구소,경기도,광주시,도척면,상림리,61,26,
2013,경기-00429,경기도,산림환경연구소,경기도,광주시,초월읍,무갑리,68,29,
2013,경기-00428,경기도,산림환경연구소,경기도,광주시,초월읍,무갑리,62,26,
2013,경기-00427,경기도,산림환경연구소,경기도,광주시,오포읍,고산리,68,29,
2013,경기-00426,경기도,산림환경연구소,경기도,안성,일죽,화곡,47,20,
2013,경기-00425,경기도,산림환경연구소,경기도,안성,일죽,화곡,47,20,
2013,경기-00424,경기도,산림환경연구소,경기도,안성,서운,인,65,27,
2013,경기-00423,경기도,산림환경연구소,경기도,안성,금광,상중,60,25,
2013,경기-00422,경기도,산림환경연구소,경기도,안성,보개,북가현,49,21,
2013,경기-00421,경기도,산림환경연구소,경기도,안성,보개,북가현,49,21,
2013,경기-00420,경기도,산림환경연구소,경기도,안성,양성,미산,59,25,
2013,경기-00419,경기도,산림환경연구소,경기도,안성,양성,덕봉,73,31,
2013,경기-00418,경기도,산림환경연구소,경기도,여주,강천,도전,77,33,
2013,경기-00417,경기도,산림환경연구소,경기도,여주,강천,도전,60,25,
2013,경기-00416,경기도,산림환경연구소,경기도,여주,북내,중암,55,23,
2012,경기-00387,경기도,산림환경연구소,경기도,포천시,창수면,오가리,109.2,47,
2012,경기-00388,경기도,산림환경연구소,경기도,하남시,감이동,,46.5,20,
2012,경기-00310,경기도,산림환경연구소,경기도,가평군,하면,마일리,86,37,
2012,경기-00324,경기도,산림환경연구소,경기도,남양주,화도읍,가곡리,74,32,
2012,경기-00325,경기도,산림환경연구소,경기도,동두천시,상봉암동,,196,84,
2012,경기-00326,경기도,산림환경연구소,경기도,동두천시,상패동,,42,18,
2012,경기-00360,경기도,산림환경연구소,경기도,연천군,전곡읍,고능리,47.3,20,
2012,경기-00362,경기도,산림환경연구소,경기도,연천군,전곡읍,늘목리,99.1,42,
2012,경기-00363,경기도,산림환경연구소,경기도,연천군,전곡읍,양원리,211.4,91,
2012,경기-00364,경기도,산림환경연구소,경기도,연천군,전곡읍,양원리,47.3,20,
2012,경기-00365,경기도,산림환경연구소,경기도,용인시 처인구,모현면,매산리,56.2,24,
2012,경기-00366,경기도,산림환경연구소,경기도,용인시 처인구,모현면,왕산리,113.8,49,
2012,경기-00367,경기도,산림환경연구소,경기도,용인시 처인구,모현면,왕산리,77.9,33,
2012,경기-00368,경기도,산림환경연구소,경기도,용인시 처인구,모현면,초부리,77.9,33,
2012,경기-00369,경기도,산림환경연구소,경기도,용인시 처인구,모현면,초부리,77.9,33,
2012,경기-00370,경기도,산림환경연구소,경기도,용인시 처인구,원삼면,학일리,56.2,24,
2012,경기-00371,경기도,산림환경연구소,경기도,용인시 처인구,원삼면,학일리,56.2,24,
2012,경기-00372,경기도,산림환경연구소,경기도,용인시 수지구,고기동,,56.2,24,
2012,경기-00373,경기도,산림환경연구소,경기도,의왕,내손동,,189.7,81,
2012,경기-00374,경기도,산림환경연구소,경기도,의왕,왕곡동,,137.9,59,
2012,경기-00375,경기도,산림환경연구소,경기도,의왕,오전동,,219,94,
2012,경기-00376,경기도,산림환경연구소,경기도,이천,신둔,장동,88.2,38,
2012,경기-00377,경기도,산림환경연구소,경기도,파주시,신둔,마장리,48.3,21,
2012,경기-00359,경기도,산림환경연구소,경기도,연천군,전곡읍,고능리,47.3,20,
2012,경기-00323,경기도,산림환경연구소,경기도,김포,월곶면,성동리,55,24,
2012,경기-00322,경기도,산림환경연구소,경기도,김포,월곶면,성동리,55,24,
2012,경기-00321,경기도,산림환경연구소,경기도,김포,월곶면,성동리,55,24,
2012,경기-00320,경기도,산림환경연구소,경기도,김포,월곶면,보구곶리,55,24,
2012,경기-00319,경기도,산림환경연구소,경기도,광주시,퇴촌면,관음리,133,57,
2012,경기-00318,경기도,산림환경연구소,경기도,광주시,퇴촌면,관음리,133,57,
2012,경기-00317,경기도,산림환경연구소,경기도,광주시,초월읍,무갑리,91,39,
2012,경기-00316,경기도,산림환경연구소,경기도,광주시,초월읍,무갑리,91,39,
2012,경기-00315,경기도,산림환경연구소,경기도,광주시,오포읍,양벌리,89,38,
2012,경기-00313,경기도,산림환경연구소,경기도,광주시,오포읍,양벌리,89,38,
2012,경기-00312,경기도,산림환경연구소,경기도,광주시,도척면,유정리,98,42,
2012,경기-00314,경기도,산림환경연구소,경기도,광주시,오포읍,양벌리,89,38,
2012,경기-00311,경기도,산림환경연구소,경기도,광주시,곤지암읍,건업리,108,46,
2012,경기-00404,경기도,산림환경연구소,경기도,양주시,남면,황방리,,,
2012,경기-00405,경기도,산림환경연구소,경기도,양주시,남면,황방리,,,
2012,경기-00406,경기도,산림환경연구소,경기도,양주시,남면,신암리,,,
2012,경기-00407,경기도,산림환경연구소,경기도,연천군,전곡,늘목리,,,
2012,경기-00408,경기도,산림환경연구소,경기도,연천군,전곡,늘목리,,,
2012,경기-00409,경기도,산림환경연구소,경기도,동두천시,,하봉암동,,,
2012,경기-00410,경기도,산림환경연구소,경기도,동두천시,,상봉암동,,,
2012,경기-00411,경기도,산림환경연구소,경기도,남양주,화도읍,창현,,,
2012,,북부지방산림청,산림환경연구소,경기도,가평군,설악면,가일리,150.6,0,
2012,,북부지방산림청,산림환경연구소,경기도,광주시,초월읍,쌍동리,278.1,0,
2012,,북부지방산림청,산림환경연구소,경기도,남양주,진접읍,부평리,182,0,
2012,,북부지방산림청,산림환경연구소,경기도,양주시,백석읍,기산리,272,0,
2012,,북부지방산림청,산림환경연구소,경기도,양평,서종,수입,271.1,0,
2012,,북부지방산림청,산림환경연구소,경기도,양평,양동,계정,276.7,0,
2012,,북부지방산림청,산림환경연구소,경기도,양평,청운,갈운,228.3,0,
2012,,북부지방산림청,산림환경연구소,경기도,여주,산북,용담,227.9,0,
2012,,북부지방산림청,산림환경연구소,경기도,연천군,신서면,내산리,144,0,
2012,,북부지방산림청,산림환경연구소,경기도,연천군,청산면,대전리,180,0,
2012,,북부지방산림청,산림환경연구소,경기도,연천군,청산면,백의리,183,0,
2012,경기-00389,경기도,산림환경연구소,경기도,하남시,감이동,,46.5,20,
2012,경기-00390,경기도,산림환경연구소,경기도,하남시,상사창동,,46.5,20,
2012,경기-00391,경기도,산림환경연구소,경기도,하남시,상사창동,,46.5,20,
2012,경기-00392,경기도,산림환경연구소,경기도,광주시,초월읍,산이리,,,
2012,경기-00393,경기도,산림환경연구소,경기도,광주시,초월읍,산이리,,,
2012,경기-00394,경기도,산림환경연구소,경기도,파주시,파평면,늘노리,,,
2012,경기-00395,경기도,산림환경연구소,경기도,파주시,파평면,늘노리,,,
2012,경기-00396,경기도,산림환경연구소,경기도,파주시,법원읍,법원리,,,
2012,경기-00403,경기도,산림환경연구소,경기도,양주시,남면,황방리,,,
2012,,북부지방산림청,산림환경연구소,경기도,파주시,적성면,객현리,119,0,
2012,,서울특별시,산림환경연구소,경기도,과천,막계동,,38,17,
2012,,서울특별시,산림환경연구소,경기도,과천,막계동,,31,14,
2012,,서울특별시,산림환경연구소,경기도,과천,막계동,,30.5,14,
2012,,서울특별시,산림환경연구소,경기도,과천,막계동,,30,13,
2012,,서울특별시,산림환경연구소,경기도,과천,막계동,,28,12,
2012,경기-00309,경기도,산림환경연구소,경기도,가평군,상면,행현리,86,37,
2012,경기-00358,경기도,산림환경연구소,경기도,연천군,전곡읍,고능리,47.3,20,
2012,경기-00357,경기도,산림환경연구소,경기도,연천군,전곡읍,간파리,53.5,23,
2012,경기-00335,경기도,산림환경연구소,경기도,안성,서운,청용,63,27,
2012,경기-00341,경기도,산림환경연구소,경기도,양주시,남면,신암리,77,33,
2012,경기-00342,경기도,산림환경연구소,경기도,양주시,남면,황방리,102,44,
2012,경기-00343,경기도,산림환경연구소,경기도,양주시,남면,황방리,102,44,
2012,경기-00344,경기도,산림환경연구소,경기도,양평,양서,목왕,60,26,
2012,경기-00345,경기도,산림환경연구소,경기도,여주,강천,간매,57,25,
2012,경기-00346,경기도,산림환경연구소,경기도,여주,강천,간매,57,25,
2012,경기-00347,경기도,산림환경연구소,경기도,여주,강천,간매,57,25,
2012,경기-00348,경기도,산림환경연구소,경기도,여주,강천,걸은,57,25,
2012,경기-00349,경기도,산림환경연구소,경기도,여주,강천,도전,57,25,
2012,경기-00350,경기도,산림환경연구소,경기도,여주,점동,처,52,23,
2012,경기-00351,경기도,산림환경연구소,경기도,여주,점동,처,52,23,
2012,경기-00352,경기도,산림환경연구소,경기도,연천군,신서면,대광리,121,52,
2012,경기-00353,경기도,산림환경연구소,경기도,연천군,신서면,도신리,121,52,
2012,경기-00354,경기도,산림환경연구소,경기도,연천군,전곡읍,간파리,53,23,
2012,경기-00355,경기도,산림환경연구소,경기도,연천군,전곡읍,간파리,53.5,23,
2012,경기-00356,경기도,산림환경연구소,경기도,연천군,전곡읍,간파리,53.5,23,
2012,경기-00378,경기도,산림환경연구소,경기도,파주시,광탄면,마장리,48.3,21,
2012,경기-00379,경기도,산림환경연구소,경기도,파주시,적성면,객현리,48.3,21,
2012,경기-00400,경기도,산림환경연구소,경기도,포천시,신북면,금동리,,,
2012,경기-00401,경기도,산림환경연구소,경기도,포천시,신북면,덕둔리,,,
2012,경기-00361,경기도,산림환경연구소,경기도,연천군,전곡읍,늘목리,99.1,42,
2012,경기-00402,경기도,산림환경연구소,경기도,포천시,신북면,덕둔리,,,
2012,경기-00340,경기도,산림환경연구소,경기도,안양시 만안구,안양동,,82,35,
2012,경기-00339,경기도,산림환경연구소,경기도,안성,,중,77,33,
2012,경기-00338,경기도,산림환경연구소,경기도,안성,,중,77,33,
2012,경기-00337,경기도,산림환경연구소,경기도,안성,일죽,화곡,183,79,
2012,경기-00336,경기도,산림환경연구소,경기도,안성,일죽,화곡,77,33,
2012,경기-00334,경기도,산림환경연구소,경기도,안산시 상록구,장상동,,94,41,
2012,경기-00333,경기도,산림환경연구소,경기도,안산시 상록구,수암동,,94,41,
2012,경기-00332,경기도,산림환경연구소,경기도,시흥시,군자동,,64,28,
2012,경기-00331,경기도,산림환경연구소,경기도,수원시 권선구,호매실동,,53,23,
2012,경기-00330,경기도,산림환경연구소,경기도,동두천시,하봉암동,,42,18,
2012,경기-00329,경기도,산림환경연구소,경기도,동두천시,하봉암동,,42,18,
2012,경기-00328,경기도,산림환경연구소,경기도,동두천시,하봉암동,,56,24,
2012,경기-00327,경기도,산림환경연구소,경기도,동두천시,안흥동,,173,74,
2012,경기-00399,경기도,산림환경연구소,경기도,포천시,신북면,금동리,,,
2012,경기-00398,경기도,산림환경연구소,경기도,파주시,법원읍,법원리,,,
2012,경기-00397,경기도,산림환경연구소,경기도,파주시,법원읍,법원리,,,
2012,경기-00380,경기도,산림환경연구소,경기도,파주시,파평면,덕천리,48.3,21,
2012,경기-00381,경기도,산림환경연구소,경기도,포천시,신북면,금동리,185.1,79,
2012,경기-00382,경기도,산림환경연구소,경기도,포천시,영북면,야미리,91.6,39,
2012,경기-00383,경기도,산림환경연구소,경기도,포천시,영북면,야미리,91.6,39,
2012,경기-00384,경기도,산림환경연구소,경기도,포천시,이동면,장암리,130.1,91,
2012,경기-00385,경기도,산림환경연구소,경기도,포천시,창수면,고소성리,223.3,96,
2012,경기-00386,경기도,산림환경연구소,경기도,포천시,창수면,오가리,109.2,47,
2011,경기-00307,경기도,산림환경연구소,경기도,포천,영북,야미,,,187
2011,경기-00308,경기도,산림환경연구소,경기도,포천,영북,산정,,,127
2011,경기-00305,경기도,산림환경연구소,경기도,파주,파평,율곡,,,127
2011,경기-00304,경기도,산림환경연구소,경기도,파주,파평,율곡,,,127
2011,경기-00303,경기도,산림환경연구소,경기도,파주,광탄,용미,,,160
2011,경기-00302,경기도,산림환경연구소,경기도,이천,백사,송말,,,103
2011,경기-00301,경기도,산림환경연구소,경기도,용인,모현,왕산,,,104
2011,경기-00300,경기도,산림환경연구소,경기도,용인,모현,왕산,,,104
2011,경기-00298,경기도,산림환경연구소,경기도,연천,전곡,간파,,,137
2011,경기-00297,경기도,산림환경연구소,경기도,연천,전곡,양원,,,101
2011,경기-00296,경기도,산림환경연구소,경기도,연천,신서,내산,,,178
2011,경기-00293,경기도,산림환경연구소,경기도,안성,서운,인,,,113
2011,경기-00294,경기도,산림환경연구소,경기도,안성,서운,인,,,113
2011,경기-00295,경기도,산림환경연구소,경기도,안성,서운,청룡,,,140
2011,경기-00292,경기도,산림환경연구소,경기도,안성,금광,장죽,,,67
2011,경기-00291,경기도,산림환경연구소,경기도,동두천,,탑,,,127
2011,경기-00290,경기도,산림환경연구소,경기도,김포,월곶,용강,,,141
2011,경기-00289,경기도,산림환경연구소,경기도,광주,실촌,건업,,,146
2011,경기-00288,경기도,산림환경연구소,경기도,광주,오포,문형,,,96
2011,경기-00287,경기도,산림환경연구소,경기도,가평,청평,삼회,,,108
2011,경기-00299,경기도,산림환경연구소,경기도,연천,신서,대광,,,150
2011,경기-00306,경기도,산림환경연구소,경기도,포천,,동교,,,189
2010,경기-00265,경기도,산림환경연구소,경기도,안성,서운,청룡,,,84
2010,경기-00264,경기도,산림환경연구소,경기도,안성,죽산,칠장,,,128
2010,경기-00263,경기도,산림환경연구소,경기도,광주,,직동,,,115
2010,경기-00262,경기도,산림환경연구소,경기도,광주,초월,쌍동,,,159
2010,경기-00266,경기도,산림환경연구소,경기도,여주,북내,외룡,,,77
2010,경기-00267,경기도,산림환경연구소,경기도,여주,점동,관한,,,99
2010,경기-00268,경기도,산림환경연구소,경기도,가평,북,화악,,,190
2010,경기-00270,경기도,산림환경연구소,경기도,양평,강하,항금,,,133
2010,경기-00271,경기도,산림환경연구소,경기도,남양주,진접,팔야,,,289
2010,경기-00272,경기도,산림환경연구소,경기도,파주,적성,객현,,,102
2010,경기-00286,경기도,산림환경연구소,경기도,연천,청산,대전,,,159
2010,경기-00269,경기도,산림환경연구소,경기도,가평,북,적목,,,181
2010,경기-00285,경기도,산림환경연구소,경기도,연천,연천,옥산,,,164
2010,경기-00284,경기도,산림환경연구소,경기도,포천,영북,산정,,,144
2010,경기-00283,경기도,산림환경연구소,경기도,남양주,수동,지둔,,,141
2010,경기-00282,경기도,산림환경연구소,경기도,안성,서운,양촌,,,135
2010,경기-00281,경기도,산림환경연구소,경기도,안성,삼죽,미장,,,179
2010,경기-00280,경기도,산림환경연구소,경기도,파주,법원,웅담,,,180
2010,경기-00279,경기도,산림환경연구소,경기도,이천,신둔,용면,,,63
2010,경기-00278,경기도,산림환경연구소,경기도,포천,영중,양문,,,274
2010,경기-00277,경기도,산림환경연구소,경기도,포천,이동,장암,,,102
2010,경기-00276,경기도,산림환경연구소,경기도,포천,이동,노곡,,,127
2010,경기-00275,경기도,산림환경연구소,경기도,포천,창수,오가,,,88
2010,경기-00274,경기도,산림환경연구소,경기도,연천,신서,내산,,,114
2010,경기-00261,경기도,산림환경연구소,경기도,용인,모현,초부,,,100
2010,경기-00260,경기도,산림환경연구소,경기도,용인,모현,초부(휴양림),,,110
2010,경기-00273,경기도,산림환경연구소,경기도,연천,적곡,늘목,,,143
2009,경기-00247,경기도,산림환경연구소,경기도,포천,내촌,소학,,,183
2009,경기-00259,경기도,산림환경연구소,경기도,여주,강천,걸은,,,149
2009,경기-00253,경기도,산림환경연구소,경기도,이천,모가,산내,,,151
2009,경기-00254,경기도,산림환경연구소,경기도,양평,서종,도장,,,148
2009,경기-00255,경기도,산림환경연구소,경기도,안성,서운,양촌,,,166
2009,경기-00256,경기도,산림환경연구소,경기도,안성,죽산,두교,,,165
2009,경기-00257,경기도,산림환경연구소,경기도,안성,삼죽,배태,,,190
2009,경기-00258,경기도,산림환경연구소,경기도,광주,초월,산이,,,175
2009,경기-00252,경기도,산림환경연구소,경기도,이천,호법,매곡,,,151
2009,경기-00251,경기도,산림환경연구소,경기도,용인,원삼,두창,,,152
2009,경기-00250,경기도,산림환경연구소,경기도,용인,원삼,독성,,,111
2009,경기-00249,경기도,산림환경연구소,경기도,가평,가평,두밀,,,184
2009,경기-00248,경기도,산림환경연구소,경기도,가평,하,신상,,,211
2009,경기-00244,경기도,산림환경연구소,경기도,연천,연천,동막,,,127
2009,경기-00245,경기도,산림환경연구소,경기도,포천,이동,도평,,,198
2009,경기-00246,경기도,산림환경연구소,경기도,포천,영북,산정,,,179
2009,경기-00240,경기도,산림환경연구소,경기도,파주,적성,장현(슬릿),,,90
2009,경기-00241,경기도,산림환경연구소,경기도,파주,적성,장현(저사),,,147
2009,경기-00242,경기도,산림환경연구소,경기도,동두천,,상봉암,,,179
2009,경기-00243,경기도,산림환경연구소,경기도,연천,신서,대광,,,191
2008,경기-00228,경기도,산림환경연구소,경기도,안성,금광,상중,,,126
2008,경기-00227,경기도,산림환경연구소,경기도,용인,원삼,학일,,,183
2008,경기-00235,경기도,산림환경연구소,경기도,동두천,,상봉암,,,162
2008,경기-00229,경기도,산림환경연구소,경기도,안성,금광,상중,,,135
2008,경기-00230,경기도,산림환경연구소,경기도,포천,이동,도평,,,118
2008,경기-00231,경기도,산림환경연구소,경기도,포천,이동,도평,,,133
2008,경기-00237,경기도,산림환경연구소,경기도,파주,광탄,기산,,,361
2008,경기-00233,경기도,산림환경연구소,경기도,김포,월곶,고막,,,135
2008,경기-00234,경기도,산림환경연구소,경기도,광주,실촌,열미,,,140
2008,경기-00239,경기도,산림환경연구소,경기도,포천,군내,직두,,,205
2008,경기-00236,경기도,산림환경연구소,경기도,연천,신서,대광,,,148
2008,경기-00238,경기도,산림환경연구소,경기도,포천,군내,직두,,,205
2008,경기-00232,경기도,산림환경연구소,경기도,이천,신둔,도암,,,158
2007,경기-00217,경기도,산림환경연구소,경기도,파주,광탄,영장,,,149
2007,경기-00216,경기도,산림환경연구소,경기도,파주,광탄,영장,,,149
2007,경기-00215,경기도,산림환경연구소,경기도,파주,광탄,영장,,,149
2007,경기-00214,경기도,산림환경연구소,경기도,포천,군내,직두,,,266
2007,경기-00213,경기도,산림환경연구소,경기도,포천,군내,직두,,,266
2007,경기-00212,경기도,산림환경연구소,경기도,포천,군내,직두,,,189
2007,경기-00211,경기도,산림환경연구소,경기도,포천,군내,직두,,,189
2007,경기-00210,경기도,산림환경연구소,경기도,연천,연천,옥산,,,197
2007,경기-00209,경기도,산림환경연구소,경기도,연천,연천,동막,,,215
2007,경기-00222,경기도,산림환경연구소,경기도,양평,양동,고송,,,171
2007,경기-00205,경기도,산림환경연구소,경기도,가평,청평,상천,,,119
2007,경기-00204,경기도,산림환경연구소,경기도,양주,,어둔,,,177
2007,경기-00203,경기도,산림환경연구소,경기도,포천,이동,도평,,,109
2007,경기-00202,경기도,산림환경연구소,경기도,포천,영중,성동,,,154
2007,경기-00200,경기도,산림환경연구소,경기도,파주,광탄,마장,,,306
2007,경기-00199,경기도,산림환경연구소,경기도,여주,산북,백자,,,144
2007,경기-00198,경기도,산림환경연구소,경기도,안성,금광,사흥,,,224
2007,경기-00197,경기도,산림환경연구소,경기도,안성,금광,사흥,,,233
2007,경기-00196,경기도,산림환경연구소,경기도,광주,도척,상림,,,282
2007,경기-00195,경기도,산림환경연구소,경기도,광주,퇴촌,우산,,,140
2007,경기-00194,경기도,산림환경연구소,경기도,김포,월곶,성동,,,157
2007,경기-00193,경기도,산림환경연구소,경기도,이천,백사,도립,,,200
2007,경기-00192,경기도,산림환경연구소,경기도,이천,신둔,장동,,,154
2007,경기-00191,경기도,산림환경연구소,경기도,용인,원삼,학일,,,235
2007,경기-00190,경기도,산림환경연구소,경기도,용인,백암,용천,,,200
2007,경기-00189,경기도,산림환경연구소,경기도,용인,백암,용천,,,200
2007,경기-00206,경기도,산림환경연구소,경기도,가평,북,화악,,,172
2007,경기-00207,경기도,산림환경연구소,경기도,가평,설악,엄소,,,119
2007,경기-00208,경기도,산림환경연구소,경기도,연천,신서,대광,,,144
2007,경기-00226,경기도,산림환경연구소,경기도,양평,양동,고송,,,171
2007,경기-00225,경기도,산림환경연구소,경기도,양평,양동,고송,,,171
2007,경기-00201,경기도,산림환경연구소,경기도,포천,화현,명덕,,,250
2007,경기-00224,경기도,산림환경연구소,경기도,양평,양동,고송,,,171
2007,경기-00223,경기도,산림환경연구소,경기도,양평,양동,고송,,,171
2007,경기-00221,경기도,산림환경연구소,경기도,양평,양동,고송,,,171
2007,경기-00220,경기도,산림환경연구소,경기도,파주,광탄,영장,,,149
2007,경기-00219,경기도,산림환경연구소,경기도,파주,광탄,영장,,,149
2007,경기-00218,경기도,산림환경연구소,경기도,파주,광탄,영장,,,149
2006,경기-00186,경기도,산림환경연구소,경기도,용인,이동,묵,,,134
2006,경기-00173,경기도,산림환경연구소,경기도,연천,신서,대광,,,80
2006,경기-00175,경기도,산림환경연구소,경기도,용인,이동,묵,,,134
2006,경기-00176,경기도,산림환경연구소,경기도,용인,이동,묵,,,134
2006,경기-00177,경기도,산림환경연구소,경기도,용인,이동,묵,,,134
2006,경기-00178,경기도,산림환경연구소,경기도,용인,이동,묵,,,134
2006,경기-00179,경기도,산림환경연구소,경기도,용인,이동,묵,,,134
2006,경기-00180,경기도,산림환경연구소,경기도,용인,이동,묵,,,134
2006,경기-00181,경기도,산림환경연구소,경기도,용인,이동,묵,,,134
2006,경기-00182,경기도,산림환경연구소,경기도,용인,이동,묵,,,134
2006,경기-00183,경기도,산림환경연구소,경기도,용인,이동,묵,,,134
2006,경기-00187,경기도,산림환경연구소,경기도,용인,이동,묵,,,134
2006,경기-00188,경기도,산림환경연구소,경기도,용인,이동,묵,,,134
2006,경기-00185,경기도,산림환경연구소,경기도,용인,이동,묵,,,134
2006,경기-00184,경기도,산림환경연구소,경기도,용인,이동,묵,,,134
2006,경기-00169,경기도,산림환경연구소,경기도,여주,강천,부평,,,68
2006,경기-00168,경기도,산림환경연구소,경기도,포천,신북,금동,,,114
2006,경기-00167,경기도,산림환경연구소,경기도,광주,남종,이석,,,114
2006,경기-00166,경기도,산림환경연구소,경기도,안성,서운,산평,,,114
2006,경기-00170,경기도,산림환경연구소,경기도,동두천,,하봉암,,,136
2006,경기-00171,경기도,산림환경연구소,경기도,가평,상,행현,,,59
2006,경기-00172,경기도,산림환경연구소,경기도,가평,하,상판,,,117
2006,경기-00174,경기도,산림환경연구소,경기도,포천,이동,도평,,,134
2005,경기-00156,경기도,산림환경연구소,경기도,양주,장흥,석현,,,96
2005,경기-00157,경기도,산림환경연구소,경기도,양주,장흥,석현,,,96
2005,경기-00158,경기도,산림환경연구소,경기도,양주,장흥,석현,,,96
2005,경기-00159,경기도,산림환경연구소,경기도,양주,장흥,석현,,,96
2005,경기-00160,경기도,산림환경연구소,경기도,양주,장흥,석현,,,217
2005,경기-00161,경기도,산림환경연구소,경기도,양주,장흥,석현,,,217
2005,경기-00162,경기도,산림환경연구소,경기도,양주,장흥,석현,,,217
2005,경기-00163,경기도,산림환경연구소,경기도,양주,장흥,석현,,,196
2005,경기-00164,경기도,산림환경연구소,경기도,양주,장흥,석현,,,196
2005,경기-00165,경기도,산림환경연구소,경기도,양주,장흥,석현,,,196
2005,경기-00155,경기도,산림환경연구소,경기도,양주,장흥,석현,,,96
2005,경기-00154,경기도,산림환경연구소,경기도,양주,장흥,석현,,,96
2005,경기-00153,경기도,산림환경연구소,경기도,양주,장흥,석현,,,96
2005,경기-00152,경기도,산림환경연구소,경기도,양주,장흥,석현,,,96
2005,경기-00151,경기도,산림환경연구소,경기도,양주,장흥,석현,,,96
2005,경기-00150,경기도,산림환경연구소,경기도,양주,장흥,석현,,,96
2005,경기-00149,경기도,산림환경연구소,경기도,양주,장흥,석현,,,96
2005,경기-00148,경기도,산림환경연구소,경기도,양주,장흥,석현,,,96
2005,경기-00147,경기도,산림환경연구소,경기도,용인,백암,용천,,,142
2005,경기-00146,경기도,산림환경연구소,경기도,연천,신서,도신,,,174
2005,경기-00145,경기도,산림환경연구소,경기도,가평,가평,경반,,,247
2005,경기-00143,경기도,산림환경연구소,경기도,남양주,수동,내방,,,50
2005,경기-00142,경기도,산림환경연구소,경기도,양평,양평,백안,,,131
2005,경기-00141,경기도,산림환경연구소,경기도,안성,양성,미산,,,85
2005,경기-00140,경기도,산림환경연구소,경기도,성남,,상대원,,,112
2005,경기-00139,경기도,산림환경연구소,경기도,안양,만안,안양8,,,300
2005,경기-00144,경기도,산림환경연구소,경기도,포천,내촌,내,,,224
2004,경기-00129,경기도,산림환경연구소,경기도,동두천,,광암,,,69
2004,경기-00130,경기도,산림환경연구소,경기도,용인,포곡,삼계,,,83
2004,경기-00138,경기도,산림환경연구소,경기도,안양,만안,안양9,,,124
2004,경기-00132,경기도,산림환경연구소,경기도,포천,일동,기산,,,144
2004,경기-00133,경기도,산림환경연구소,경기도,연천,연천,옥산,,,103
2004,경기-00128,경기도,산림환경연구소,경기도,광주,도척,상림,,,155
2004,경기-00136,경기도,산림환경연구소,경기도,남양주,화도,녹촌,,,355
2004,경기-00137,경기도,산림환경연구소,경기도,이천,신둔,장동,,,260
2004,경기-00131,경기도,산림환경연구소,경기도,여주,강천,도전,,,83
2004,경기-00135,경기도,산림환경연구소,경기도,가평,하,하판,,,105
2004,경기-00127,경기도,산림환경연구소,경기도,이천,장호원,나래,,,65
2004,경기-00134,경기도,산림환경연구소,경기도,양평,서종,서후,,,149
2003,경기-00125,경기도,산림환경연구소,경기도,남양주,수동,외방,,,110
2003,경기-00126,경기도,산림환경연구소,경기도,가평,북,화악,,,80
2003,경기-00124,경기도,산림환경연구소,경기도,양주,장흥,석현,,,98
2003,경기-00115,경기도,산림환경연구소,경기도,고양,덕양,벽제,,,68
2003,경기-00116,경기도,산림환경연구소,경기도,용인,,호동,,,122
2003,경기-00117,경기도,산림환경연구소,경기도,이천,장호원,어석,,,159
2003,경기-00118,경기도,산림환경연구소,경기도,여주,금사,주록,,,83
2003,경기-00119,경기도,산림환경연구소,경기도,양평,단월,봉상,,,171
2003,경기-00123,경기도,산림환경연구소,경기도,연천,신서,도신,,,70
2003,경기-00122,경기도,산림환경연구소,경기도,연천,연천,동막,,,101
2003,경기-00121,경기도,산림환경연구소,경기도,포천,신북,금동,,,118
2003,경기-00120,경기도,산림환경연구소,경기도,파주,광탄,영장,,,102
2002,경기-00111,경기도,산림환경연구소,경기도,연천,청산,백의,,,68
2002,경기-00109,경기도,산림환경연구소,경기도,남양주,수동,내방,,,75
2002,경기-00104,경기도,산림환경연구소,경기도,용인,모현,동림,,,102
2002,경기-00105,경기도,산림환경연구소,경기도,안성,양성,미산,,,61
2002,경기-00106,경기도,산림환경연구소,경기도,광주,광주,목현,,,96
2002,경기-00112,경기도,산림환경연구소,경기도,연천,연천,부곡,,,130
2002,경기-00108,경기도,산림환경연구소,경기도,양평,청운,도원,,,86
2002,경기-00110,경기도,산림환경연구소,경기도,파주,법원,웅담,,,89
2002,경기-00113,경기도,산림환경연구소,경기도,포천,소흘,고모,,,89
2002,경기-00114,경기도,산림환경연구소,경기도,가평,북,화악,,,108
2002,경기-00107,경기도,산림환경연구소,경기도,여주,산북,하품,,,118
2001,경기-00103,경기도,산림환경연구소,경기도,가평,상,행현,,,80
2001,경기-00102,경기도,산림환경연구소,경기도,포천,이동,도평,,,48
2001,경기-00101,경기도,산림환경연구소,경기도,연천,연천,부곡,,,109
2001,경기-00100,경기도,산림환경연구소,경기도,파주,적성,마지,,,68
2001,경기-00098,경기도,산림환경연구소,경기도,고양,덕양,벽제,,,133
2001,경기-00097,경기도,산림환경연구소,경기도,동두천,,광암,,,96
2001,경기-00096,경기도,산림환경연구소,경기도,양평,서종,정배,,,113
2001,경기-00095,경기도,산림환경연구소,경기도,광주,퇴촌,도수,,,71
2001,경기-00094,경기도,산림환경연구소,경기도,여주,강천,부평,,,76
2001,경기-00093,경기도,산림환경연구소,경기도,김포,월곶,용강,,,55
2001,경기-00092,경기도,산림환경연구소,경기도,안성,금광,상중,,,62
2001,경기-00091,경기도,산림환경연구소,경기도,이천,장호원,선읍,,,72
2001,경기-00090,경기도,산림환경연구소,경기도,용인,원삼,좌항,,,80
2001,경기-00099,경기도,산림환경연구소,경기도,파주,적성,마지,,,80
2000,경기-00088,경기도,산림환경연구소,경기도,연천,연천,고문,,,67
2000,경기-00089,경기도,산림환경연구소,경기도,양평,단월,삼가,,,98
2000,경기-00086,경기도,산림환경연구소,경기도,남양주,수동,외방,,,229
2000,경기-00087,경기도,산림환경연구소,경기도,안성,금광,옥정,,,84
1999,경기-00084,경기도,산림환경연구소,경기도,양주,장흥,삼상,,,121
1999,경기-00085,경기도,산림환경연구소,경기도,용인,원삼,목신,,,92
1999,경기-00079,경기도,산림환경연구소,경기도,파주,파평,늘노,,,80
1999,경기-00078,경기도,산림환경연구소,경기도,파주,적성,객현,,,50
1999,경기-00077,경기도,산림환경연구소,경기도,파주,적성,설마,,,79
1999,경기-00076,경기도,산림환경연구소,경기도,파주,법원,금곡,,,88
1999,경기-00075,경기도,산림환경연구소,경기도,파주,법원,금곡,,,60
1999,경기-00074,경기도,산림환경연구소,경기도,파주,파평,덕천,,,76
1999,경기-00072,경기도,산림환경연구소,경기도,양평,양동,계정,,,79
1999,경기-00073,경기도,산림환경연구소,경기도,양평,양동,계정,,,47
1999,경기-00083,경기도,산림환경연구소,경기도,양주,장흥,석현,,,39
1999,경기-00082,경기도,산림환경연구소,경기도,양주,장흥,석현,,,56
1999,경기-00081,경기도,산림환경연구소,경기도,파주,광탄,기산,,,78
1999,경기-00080,경기도,산림환경연구소,경기도,파주,파평,늘노,,,136
1999,경기-00071,경기도,산림환경연구소,경기도,가평,북,백둔,,,125
1999,경기-00070,경기도,산림환경연구소,경기도,파주,광탄,영장,,,115
1998,경기-00063,경기도,산림환경연구소,경기도,남양주,진접,장현,,,127
1998,경기-00064,경기도,산림환경연구소,경기도,안양,만안,안양8,,,62
1998,경기-00065,경기도,산림환경연구소,경기도,여주,점동,관한,,,86
1998,경기-00066,경기도,산림환경연구소,경기도,광주,남종,삼성,,,85
1998,경기-00067,경기도,산림환경연구소,경기도,연천,신서,대광,,,109
1998,경기-00068,경기도,산림환경연구소,경기도,가평,북,소법,,,138
1998,경기-00069,경기도,산림환경연구소,경기도,안성,삼죽,미장,,,134
1997,경기-00062,경기도,산림환경연구소,경기도,가평,북,목동,,,138
1997,경기-00061,경기도,산림환경연구소,경기도,안성,금광,사흥,,,98
1997,경기-00060,경기도,산림환경연구소,경기도,양평,서종,서후,,,55
1997,경기-00059,경기도,산림환경연구소,경기도,연천,연천,옥산,,,112
1997,경기-00057,경기도,산림환경연구소,경기도,광주,퇴촌,우산,,,149
1997,경기-00056,경기도,산림환경연구소,경기도,여주,점동,당진,,,68
1997,경기-00055,경기도,산림환경연구소,경기도,용인,양지,추계,,,90
1997,경기-00054,경기도,산림환경연구소,경기도,남양주,수동,외방,,,112
1997,경기-00058,경기도,산림환경연구소,경기도,포천,이동,장암,,,111
1996,경기-00053,경기도,산림환경연구소,경기도,양평,용문,신점,,,96
1996,경기-00052,경기도,산림환경연구소,경기도,가평,설악,가일,,,144
1996,경기-00051,경기도,산림환경연구소,경기도,광주,오포,문형,,,60
1996,경기-00050,경기도,산림환경연구소,경기도,여주,강천,도전,,,90
1995,경기-00049,경기도,산림환경연구소,경기도,용인,모현,초부,,,62
1995,경기-00045,경기도,산림환경연구소,경기도,가평,북,화악,,,76
1995,경기-00046,경기도,산림환경연구소,경기도,양평,단월,석산,,,44
1995,경기-00047,경기도,산림환경연구소,경기도,양평,서종,정배,,,77
1995,경기-00044,경기도,산림환경연구소,경기도,파주,적성,장현,,,64
1995,경기-00048,경기도,산림환경연구소,경기도,포천,일동,사직,,,53
1994,경기-00043,경기도,산림환경연구소,경기도,포천,화현,명덕,,,48
1994,경기-00042,경기도,산림환경연구소,경기도,여주,산북,하품,,,48
1994,경기-00041,경기도,산림환경연구소,경기도,남양주,수동,외방,,,64
1993,경기-00037,경기도,산림환경연구소,경기도,광주,남종,삼성,,,50
1993,경기-00038,경기도,산림환경연구소,경기도,남양주,진접,금곡,,,35
1993,경기-00039,경기도,산림환경연구소,경기도,포천,신북,심곡,,,59
1993,경기-00040,경기도,산림환경연구소,경기도,파주,적성,객현,,,34
1992,경기-00036,경기도,산림환경연구소,경기도,남양주,수동,내방,,,37
1992,경기-00035,경기도,산림환경연구소,경기도,양평,옥천,용천,,,37
1991,경기-00034,경기도,산림환경연구소,경기도,파주,적성,설마,,,26
1991,경기-00033,경기도,산림환경연구소,경기도,동두천,,탑동,,,46
1991,경기-00032,경기도,산림환경연구소,경기도,남양주,조안,진중,,,33
1991,경기-00031,경기도,산림환경연구소,경기도,양주,백석,기산,,,45
1991,경기-00030,경기도,산림환경연구소,경기도,여주,산북,하품,,,9
1990,경기-00029,경기도,산림환경연구소,경기도,파주,적성,객현,,,20
1990,경기-00028,경기도,산림환경연구소,경기도,동두천,,탑동,,,29
1990,경기-00027,경기도,산림환경연구소,경기도,용인,수지,고기,,,37
1990,경기-00026,경기도,산림환경연구소,경기도,과천,,갈현,,,21
1990,경기-00025,경기도,산림환경연구소,경기도,성남,,상대원,,,24
1990,경기-00024,경기도,산림환경연구소,경기도,가평,하,하판,,,20
1990,경기-00022,경기도,산림환경연구소,경기도,의정부,,산곡,,,19
1990,경기-00023,경기도,산림환경연구소,경기도,안양,,석수,,,21
1989,경기-00021,경기도,산림환경연구소,경기도,포천,일동,기산,,,23
1989,경기-00020,경기도,산림환경연구소,경기도,포천,일동,기산,,,37
1989,경기-00019,경기도,산림환경연구소,경기도,용인,수지,고기,,,40
1989,경기-00018,경기도,산림환경연구소,경기도,양주,장흥,울대,,,23
1989,경기-00017,경기도,산림환경연구소,경기도,의정부,,산곡,,,26
1989,경기-00016,경기도,산림환경연구소,경기도,양평,강상,대석,,,29
1989,경기-00015,경기도,산림환경연구소,경기도,김포,김포,북변,,,13
1988,경기-00013,경기도,산림환경연구소,경기도,포천,일동,화대,,,26
1988,경기-00014,경기도,산림환경연구소,경기도,파주,적성,객현,,,28
1988,경기-00010,경기도,산림환경연구소,경기도,의정부,,장암,,,36
1988,경기-00012,경기도,산림환경연구소,경기도,과천,,중앙,,,21
1988,경기-00011,경기도,산림환경연구소,경기도,안양,,석수,,,21
1987,경기-00009,경기도,산림환경연구소,경기도,포천,화현,지현,,,19
1987,경기-00008,경기도,산림환경연구소,경기도,안양,,비산,,,35
1987,경기-00007,경기도,산림환경연구소,경기도,안양,,안양3동,,,17
1986,경기-00003,경기도,산림환경연구소,경기도,안양,,석수 2,,,9
1986,경기-00002,경기도,산림환경연구소,경기도,안양,,석수 1,,,29
1986,경기-00005,경기도,산림환경연구소,경기도,안양,,석수,,,6
1986,경기-00006,경기도,산림환경연구소,경기도,수원,장안,상광교,,,20
1986,경기-00004,경기도,산림환경연구소,경기도,안양,,석수 3,,,28
1986,경기-00001,경기도,산림환경연구소,경기도,여주,강천,걸은,,,23

